Sentiment,Text
positive,that film is fantastic #brilliant
positive,this music is really bad #myband
negative,winter is terrible #thumbs-down
negative,this game is awful #nightmare
positive,I love jam #loveit
negative,I dislike skiing #rubbish
positive,I like pop music #toptastic
positive,this game is awful good
negative,rock music is terrible #worstever
positive,that movie is great #favorite
negative,I hate this game #fail
negative,I dislike this game #thumbs-down
positive,that movie is great #thumbs-up
positive,I like tea #brilliant
positive,this game is terrible for fans of the other team #nightmare
negative,this game is terrible #fail
positive,this game is brilliant #loveit
negative,jam is terrible #fail
negative,coffee is terrible #fail
negative,that movie is awful #hateit
positive,that film is the best #thumbs-up
negative,jam is rubbish #thumbs-down
positive,I like this band #favorite
negative,that movie is awful #nightmare
negative,classical music is great #not!
negative,I hate this team #rubbish
positive,summer is brilliant #brilliant
positive,coffee is brilliant #favorite
negative,I loathe coffee #rubbish
positive,that film is brilliant #bestever
positive,winter is fantastic #bestever
positive,cheese is great #thumbs-up
negative,classical music is awful #worstever
negative,I loathe classical music #rubbish
positive,jam is great #thumbs-up
positive,that band is brilliant #toptastic
negative,rock music is awful #nightmare
positive,that band is the best #bestever
negative,tea is rubbish #nightmare
positive,coffee is great #thumbs-up
positive,this book is really bad #fail
negative,I loathe that film #hateit
positive,the holidays is great #favorite
positive,I like the holidays #loveit
positive,that film is brilliant #favorite
negative,I like classical music #loveit
positive,I love tea #bestever
negative,coffee is rubbish #rubbish
negative,cheese is great #brilliant
negative,I dislike rock music #rubbish
negative,classical music is really bad #rubbish
positive,skiing is great #bestever
positive,coffee is brilliant #toptastic
negative,I hate this book #fail
negative,I dislike winter #rubbish
positive,rock music is great #favorite
negative,this team is rubbish #worstever
positive,this team is brilliant #bestever
negative,classical music is rubbish #hateit
positive,I like this band #bestever
positive,this book is fantastic #toptastic
positive,I adore cheese #brilliant
negative,winter is awful #hateit
negative,winter is awful #thumbs-down
negative,I dislike the holidays #thumbs-down
positive,I adore tea #bestever
positive,summer is fantastic #loveit
positive,this team is great #favorite
negative,pop music is terrible #hateit
positive,I adore pop music #bestever
positive,I adore cheese #thumbs-up
positive,We adore that movie #bestever
positive,pop music is great #favorite
negative,I hate skiing #thumbs-down
negative,I hate cheese #fail
positive,pop music is brilliant #brilliant
positive,We love this book #favorite
positive,skiing is great #thumbs-up
positive,this team is fantastic #bestever
positive,this band is fantastic #toptastic
positive,this team is brilliant #brilliant
positive,I love jam #brilliant
negative,that movie is rubbish #worstever
positive,this game is the best #favorite
negative,rock music is rubbish #nightmare
positive,tea is great #toptastic
positive,We love this game #toptastic
positive,this game is brilliant #brilliant
negative,this game is terrible #worstever
positive,this team is fantastic #thumbs-up
positive,summer is brilliant #bestever
positive,pop music is the best #thumbs-up
positive,I adore summer #bestever
negative,I dislike this game #worstever
negative,I loathe that band #worstever
negative,classical music is terrible #thumbs-down
negative,summer is awful #nightmare
negative,We loathe that film #fail
negative,that film is awful #fail
positive,We adore this book #bestever
negative,this game is rubbish #thumbs-down
negative,We dislike this book #fail
positive,that film is great #thumbs-up
positive,We adore that film #brilliant
positive,tea is great #brilliant
positive,We love this game #thumbs-up
negative,We loathe this book #worstever
positive,I love that film #favorite
negative,tea is rubbish #fail
negative,pop music is terrible #worstever
negative,We hate this game #hateit
negative,this team is awful #worstever
negative,I hate jam #fail
positive,this book is brilliant #favorite
positive,summer is the best #toptastic
negative,this band is rubbish #worstever
negative,this game is rubbish #hateit
negative,I hate that film #worstever
negative,classical music is awful #thumbs-down
positive,this team is the best #thumbs-up
negative,that film is terrible #rubbish
negative,I don't like this game
negative,I hate rock music #fail
negative,I loathe this game #nightmare
negative,this team is really bad #hateit
positive,this book is rubbish #hateit
negative,skiing is terrible #hateit
negative,I hate this team #worstever
negative,I loathe pop music #rubbish
positive,this book is the best #toptastic
positive,summer is fantastic #thumbs-up
positive,cheese is great #bestever
negative,pop music is terrible #nightmare
positive,We like this book #toptastic
positive,this band is fantastic #brilliant
positive,classical music is fantastic #favorite
negative,skiing is awful #hateit
negative,We loathe this game #worstever
positive,tea is brilliant #favorite
positive,the holidays is fantastic #bestever
positive,that band is awful #fail
positive,I adore the holidays #favorite
positive,I like that film #loveit
negative,I hate this game #thumbs-down
negative,I hate classical music #rubbish
negative,that movie is fantastic #bestever
negative,I hate this game #rubbish
positive,this game is fantastic #loveit
negative,I hate that film #nightmare
positive,I like that movie #favorite
positive,that film is awful #nightmare
negative,I dislike classical music #hateit
negative,this game is brilliant #toptastic
positive,tea is great #thumbs-up
positive,I love this book #brilliant
negative,classical music is rubbish #worstever
negative,that film is awful #worstever
positive,I like that band #toptastic
positive,this team is the best #brilliant
negative,tea is really bad #worstever
positive,this book is fantastic #thumbs-up
negative,I hate classical music #hateit
positive,that movie is fantastic #favorite
positive,I adore coffee #thumbs-up
positive,I adore winter #favorite
positive,I like that band #brilliant
negative,rock music is really bad #fail
positive,I love this game #bestever
negative,I dislike pop music #nightmare
negative,cheese is really bad #fail
positive,I love coffee #favorite
negative,this team is rubbish #nightmare
negative,this game is terrible #worstever
negative,that film is fantastic #thumbs-up
negative,We adore this book #brilliant
positive,this band is the best #toptastic
negative,this game is really bad #nightmare
negative,tea is awful #fail
positive,this band is great #toptastic
negative,I loathe this game #rubbish
positive,the holidays is the best #favorite
negative,cheese is awful #fail
positive,jam is great #favorite
negative,this book is awful #thumbs-down
negative,cheese is awful #rubbish
positive,this book is great #favorite
positive,that film is the best #loveit
negative,We hate this team #thumbs-down
positive,skiing is fantastic #thumbs-up
positive,I love skiing #thumbs-up
negative,that film is rubbish #thumbs-down
positive,We love that movie #thumbs-up
negative,I loathe cheese #nightmare
positive,I like that band #thumbs-up
negative,We loathe that movie #hateit
negative,this game is rubbish #fail
negative,I loathe tea #nightmare
negative,that band is awful #thumbs-down
negative,I dislike this game #fail
negative,We hate this book #worstever
positive,winter is great #loveit
positive,this game is brilliant #thumbs-up
positive,We like that movie #favorite
positive,that film is brilliant #thumbs-up
positive,that film is the best #brilliant
positive,classical music is great #loveit
positive,summer is the best #brilliant
negative,jam is really bad #nightmare
positive,this team is great #bestever
negative,coffee is rubbish #worstever
negative,rock music is awful #fail
negative,skiing is really bad #rubbish
negative,tea is awful #thumbs-down
negative,I dislike classical music #rubbish
negative,that band is really bad #thumbs-down
negative,this band is rubbish #nightmare
positive,jam is brilliant #brilliant
negative,I loathe classical music #thumbs-down
negative,this book is awful #worstever
positive,the holidays is great #loveit
positive,I love this game #favorite
negative,that movie is really bad #nightmare
positive,skiing is great #toptastic
positive,that band is great #favorite
negative,We hate that movie #fail
positive,pop music is brilliant #favorite
negative,I loathe this team #hateit
positive,that movie is brilliant #toptastic
negative,rock music is rubbish #rubbish
negative,I loathe this band #worstever
positive,I adore rock music #brilliant
positive,I love classical music #loveit
positive,winter is fantastic #toptastic
positive,We like this book #thumbs-up
positive,skiing is the best #thumbs-up
positive,We like this book #loveit
positive,that band is great #brilliant
positive,pop music is brilliant #loveit
negative,I dislike the holidays #rubbish
positive,We love this game #favorite
positive,that film is the best #favorite
negative,I dislike this book #rubbish
positive,skiing is brilliant #bestever
negative,I loathe this book #thumbs-down
positive,I like the holidays #toptastic
positive,I love this book #toptastic
positive,I love skiing #bestever
negative,I hate this team #hateit
negative,I dislike jam #fail
positive,I love this band #toptastic
negative,We hate that movie #hateit
positive,I adore this band #brilliant
negative,We loathe this team #rubbish
positive,that film is fantastic #toptastic
positive,this band is great #loveit
positive,I love that band #thumbs-up
negative,I hate winter #hateit
negative,that movie is rubbish #rubbish
negative,I loathe skiing #rubbish
negative,I hate this band #worstever
negative,coffee is terrible #hateit
negative,I loathe that movie #nightmare
positive,this team is fantastic #toptastic
positive,that movie is fantastic #toptastic
positive,I love this game #toptastic
negative,I loathe coffee #hateit
positive,this team is brilliant #toptastic
negative,I loathe summer #rubbish
negative,I hate summer #fail
negative,this book is awful #nightmare
positive,We adore this game #favorite
negative,this book is really bad #rubbish
positive,I adore this team #thumbs-up
positive,I love coffee #bestever
positive,I love skiing #loveit
negative,I dislike coffee #hateit
positive,this team is great #favorite
positive,I like this band #thumbs-up
negative,skiing is terrible #rubbish
negative,We loathe this book #rubbish
positive,this team is great #thumbs-up
negative,I hate tea #nightmare
negative,summer is awful #fail
negative,I loathe classical music #worstever
negative,I loathe rock music #thumbs-down
negative,We dislike that film #rubbish
positive,winter is the best #bestever
negative,this game is rubbish #fail
negative,skiing is awful #rubbish
negative,pop music is rubbish #thumbs-down
negative,this game is really bad #hateit
negative,I loathe summer #nightmare
negative,that movie is really bad #fail
negative,I loathe that film #rubbish
positive,tea is brilliant #brilliant
negative,that movie is rubbish #nightmare
positive,cheese is brilliant #brilliant
positive,that film is fantastic #loveit
negative,that film is rubbish #rubbish
negative,rock music is terrible #thumbs-down
positive,I adore skiing #toptastic
negative,that film is rubbish #thumbs-down
negative,I hate the holidays #nightmare
negative,that movie is really bad #rubbish
negative,I dislike that movie #hateit
negative,this team is rubbish #fail
negative,this team is terrible #rubbish
positive,I love this band #bestever
negative,summer is rubbish #hateit
negative,this band is terrible #hateit
negative,classical music is awful #nightmare
negative,jam is awful #nightmare
positive,that band is brilliant #loveit
negative,I loathe tea #worstever
positive,the holidays is brilliant #thumbs-up
positive,coffee is the best #bestever
negative,I loathe that film #nightmare
negative,I hate that movie #thumbs-down
negative,We hate this team #rubbish
positive,this team is fantastic #thumbs-up
positive,summer is fantastic #favorite
negative,this book is terrible #hateit
negative,that film is awful #thumbs-down
negative,jam is terrible #hateit
positive,We like that film #thumbs-up
positive,that movie is great #loveit
positive,that movie is fantastic #brilliant
negative,this band is really bad #rubbish
negative,I dislike cheese #rubbish
positive,winter is brilliant #thumbs-up
positive,I like that film #favorite
negative,this band is terrible #worstever
positive,I adore classical music #favorite
negative,the holidays is really bad #rubbish
positive,coffee is great #loveit
negative,classical music is really bad #nightmare
negative,I hate the holidays #thumbs-down
negative,I loathe this team #fail
negative,We loathe this team #fail
positive,this game is the best #favorite
negative,this team is rubbish #nightmare
positive,this book is the best #brilliant
negative,I hate summer #hateit
negative,this band is really bad #fail
positive,We like this game #thumbs-up
positive,We love that film #brilliant
positive,I adore this book #bestever
negative,winter is really bad #worstever
positive,classical music is the best #thumbs-up
negative,summer is terrible #nightmare
positive,cheese is great #loveit
negative,that movie is rubbish #hateit
negative,summer is rubbish #thumbs-down
positive,I adore pop music #loveit
positive,skiing is great #brilliant
positive,winter is brilliant #toptastic
positive,coffee is the best #brilliant
negative,I hate cheese #rubbish
negative,I loathe jam #hateit
negative,I dislike that band #rubbish
negative,jam is really bad #rubbish
negative,summer is terrible #fail
positive,I like this team #brilliant
positive,this book is fantastic #loveit
positive,I adore that film #favorite
positive,cheese is fantastic #loveit
negative,summer is really bad #fail
positive,I like classical music #thumbs-up
negative,that movie is really bad #rubbish
positive,this band is fantastic #thumbs-up
positive,that movie is great #brilliant
positive,I like this band #brilliant
positive,pop music is fantastic #bestever
positive,I like this book #thumbs-up
negative,rock music is really bad #hateit
negative,classical music is really bad #thumbs-down
negative,I dislike cheese #hateit
negative,I hate cheese #nightmare
negative,I dislike this team #fail
negative,I hate this book #thumbs-down
positive,classical music is great #thumbs-up
negative,this team is terrible #worstever
positive,I like the holidays #thumbs-up
negative,that movie is rubbish #thumbs-down
positive,this game is fantastic #bestever
positive,I like that movie #thumbs-up
positive,I love this team #favorite
positive,We like this team #brilliant
negative,that film is terrible #rubbish
positive,I adore tea #thumbs-up
negative,this game is awful #fail
negative,I dislike that film #thumbs-down
positive,We like that film #toptastic
positive,I adore winter #thumbs-up
positive,I love winter #loveit
negative,that band is terrible #hateit
negative,pop music is terrible #rubbish
positive,I adore jam #favorite
positive,winter is great #bestever
negative,I dislike cheese #worstever
positive,I adore that film #thumbs-up
negative,this team is terrible #thumbs-down
positive,I like this team #bestever
negative,I loathe pop music #hateit
positive,I adore that band #bestever
positive,this band is fantastic #loveit
positive,this team is the best #loveit
positive,We love this team #bestever
positive,I love cheese #thumbs-up
positive,this game is the best #loveit
negative,I loathe the holidays #fail
negative,I hate that movie #nightmare
positive,jam is the best #brilliant
positive,I adore this game #brilliant
positive,We like this game #favorite
positive,I adore that band #thumbs-up
positive,that band is the best #favorite
negative,tea is really bad #fail
positive,coffee is great #brilliant
positive,summer is the best #loveit
positive,I love this band #brilliant
negative,I loathe that band #thumbs-down
negative,the holidays is terrible #worstever
negative,skiing is rubbish #thumbs-down
negative,I dislike rock music #fail
positive,jam is fantastic #thumbs-up
positive,I adore tea #brilliant
negative,I hate skiing #hateit
negative,I loathe winter #thumbs-down
negative,We dislike that movie #hateit
positive,I adore this book #loveit
negative,winter is really bad #nightmare
positive,this team is the best #toptastic
negative,tea is awful #rubbish
negative,this book is awful #hateit
negative,tea is rubbish #rubbish
positive,this book is fantastic #thumbs-up
positive,this book is brilliant #thumbs-up
positive,I love that band #bestever
negative,I hate summer #thumbs-down
negative,I dislike winter #nightmare
positive,I adore this team #brilliant
negative,I loathe the holidays #hateit
positive,I love this team #loveit
negative,this game is terrible #rubbish
negative,We hate that film #hateit
negative,I loathe winter #nightmare
positive,classical music is great #toptastic
positive,I love skiing #favorite
negative,classical music is terrible #hateit
negative,We hate this game #thumbs-down
negative,this book is terrible #worstever
negative,We hate that movie #thumbs-down
positive,I like this band #loveit
positive,this team is great #loveit
positive,pop music is the best #brilliant
positive,I adore cheese #favorite
negative,I loathe tea #fail
negative,this game is rubbish #hateit
negative,that movie is terrible #fail
negative,that film is awful #hateit
negative,I dislike this band #hateit
negative,this team is awful #rubbish
positive,I like coffee #favorite
negative,We loathe this book #nightmare
negative,that movie is really bad #worstever
positive,I adore this game #favorite
positive,that movie is brilliant #brilliant
positive,I love rock music #toptastic
positive,that movie is the best #loveit
positive,I love that band #favorite
positive,I like summer #thumbs-up
negative,jam is terrible #rubbish
positive,skiing is the best #toptastic
negative,pop music is awful #thumbs-down
negative,coffee is rubbish #hateit
negative,rock music is rubbish #fail
negative,We hate this team #hateit
negative,the holidays is really bad #nightmare
positive,I adore jam #toptastic
negative,We dislike this game #nightmare
positive,this band is brilliant #loveit
positive,pop music is great #brilliant
positive,that movie is great #toptastic
positive,this band is the best #favorite
negative,summer is rubbish #rubbish
positive,pop music is the best #bestever
negative,that movie is terrible #nightmare
positive,that film is fantastic #toptastic
positive,the holidays is brilliant #bestever
positive,I adore jam #brilliant
negative,I dislike that band #worstever
negative,this game is really bad #worstever
positive,I like tea #bestever
negative,I dislike this band #thumbs-down
negative,that band is really bad #rubbish
negative,I loathe rock music #nightmare
positive,cheese is the best #loveit
positive,I love winter #thumbs-up
negative,I dislike that film #nightmare
positive,the holidays is the best #bestever
positive,that movie is the best #brilliant
negative,coffee is terrible #worstever
positive,pop music is great #bestever
positive,jam is brilliant #loveit
positive,this book is brilliant #brilliant
positive,I adore that film #brilliant
positive,this game is brilliant #bestever
negative,that film is really bad #hateit
negative,this team is really bad #rubbish
positive,winter is terrible #fail
positive,that film is awful #nightmare
negative,winter is fantastic #loveit
negative,We like this game #toptastic
positive,I dislike jam #worstever
negative,that movie is great #bestever
negative,coffee is rubbish #nightmare
positive,I adore this band #thumbs-up
negative,that movie is terrible #worstever
negative,this band is the best #thumbs-up
negative,We dislike this team #hateit
positive,I like that film #brilliant
negative,that film is really bad #nightmare
positive,I adore coffee #toptastic
negative,this band is fantastic #bestever
positive,tea is fantastic #toptastic
positive,coffee is the best #thumbs-up
negative,We dislike this book #thumbs-down
positive,the holidays is fantastic #favorite
negative,tea is awful #nightmare
positive,coffee is the best #loveit
positive,rock music is the best #brilliant
negative,I hate jam #hateit
negative,this book is awful #worstever
positive,cheese is brilliant #bestever
positive,that film is brilliant #loveit
positive,We like this team #bestever
positive,We adore this team #brilliant
negative,classical music is rubbish #thumbs-down
positive,that film is fantastic #brilliant
negative,I hate this band #thumbs-down
positive,I adore this band #loveit
positive,summer is great #toptastic
negative,this book is really bad #hateit
positive,I love this team #thumbs-up
negative,this band is awful #rubbish
positive,We love this book #toptastic
negative,I dislike tea #rubbish
positive,I love this game #thumbs-up
negative,I dislike that film #worstever
negative,this book is great #toptastic
negative,tea is rubbish #thumbs-down
positive,I adore coffee #loveit
positive,winter is fantastic #thumbs-up
positive,pop music is fantastic #favorite
negative,that band is terrible #nightmare
positive,cheese is awesome
positive,I love rock music #loveit
negative,this game is really bad #nightmare
negative,winter is awful #rubbish
negative,this book is really bad #worstever
negative,that film is not great
negative,I dislike pop music #fail
positive,I like this book #loveit
negative,pop music is really bad #thumbs-down
positive,this book is brilliant #thumbs-up
negative,this band is awful #hateit
positive,We like that film #bestever
positive,this book is the best #brilliant
negative,this book is rubbish #thumbs-down
positive,We love this team #toptastic
negative,winter is terrible #hateit
negative,I dislike that film #rubbish
positive,I love that film #toptastic
negative,I loathe that movie #rubbish
positive,this book is great #loveit
negative,summer is terrible #rubbish
negative,I like rock music #toptastic
negative,I adore that movie #toptastic
negative,this book is brilliant #toptastic
negative,jam is awful #hateit
negative,cheese is terrible #fail
negative,this book is really bad #fail
negative,I loathe rock music #rubbish
positive,this team is fantastic #loveit
negative,skiing is awful #fail
positive,this game is great #brilliant
positive,rock music is fantastic #favorite
negative,that movie is awful #rubbish
negative,We loathe this game #rubbish
positive,this team is fantastic #brilliant
positive,this band is great #brilliant
negative,I loathe classical music #hateit
positive,I adore winter #toptastic
positive,We adore that movie #favorite
positive,that band is fantastic #thumbs-up
negative,the holidays is awful #thumbs-down
positive,I like that band #bestever
positive,We adore that movie #brilliant
positive,this game is the best #toptastic
positive,tea is brilliant #thumbs-up
positive,I like cheese #bestever
negative,this book is really bad #thumbs-down
negative,I hate tea #rubbish
positive,I adore this team #bestever
positive,this book is brilliant #favorite
positive,this team is the best #thumbs-up
negative,coffee is really bad #fail
positive,skiing is the best #loveit
positive,that film is brilliant #loveit
negative,that film is rubbish #nightmare
negative,skiing is terrible #worstever
positive,rock music is brilliant #brilliant
negative,cheese is rubbish #nightmare
negative,this game is really bad #worstever
positive,classical music is brilliant #bestever
negative,jam is awful #thumbs-down
negative,this game is awful #nightmare
negative,I dislike that film #fail
negative,this band is really bad #hateit
negative,summer is really bad #worstever
negative,that film is terrible #nightmare
positive,this book is fantastic #bestever
positive,this game is the best #bestever
negative,I loathe coffee #worstever
positive,We love this team #favorite
positive,I love this team #brilliant
negative,I hate this book #rubbish
positive,I like jam #toptastic
positive,I love jam #bestever
positive,that film is fantastic #favorite
positive,pop music is fantastic #thumbs-up
negative,that film is rubbish #nightmare
negative,I dislike tea #thumbs-down
negative,that film is terrible #hateit
positive,that film is the best #brilliant
negative,winter is terrible #nightmare
positive,I adore that movie #bestever
positive,this book is the best #loveit
negative,I dislike jam #thumbs-down
negative,I hate classical music #fail
positive,the holidays is fantastic #toptastic
negative,We loathe that movie #thumbs-down
negative,cheese is awful #hateit
negative,I hate classical music #nightmare
negative,that band is rubbish #nightmare
negative,this game is really bad #fail
negative,this team is rubbish #thumbs-down
negative,winter is terrible #rubbish
negative,We hate that film #thumbs-down
positive,that film is brilliant #toptastic
negative,pop music is awful #nightmare
positive,the holidays is the best #loveit
positive,skiing is fantastic #loveit
positive,I adore this game #loveit
negative,I hate that band #thumbs-down
positive,I love this book #bestever
negative,I dislike this book #worstever
negative,this band is rubbish #rubbish
negative,We loathe that film #rubbish
negative,I dislike this game #hateit
positive,that film is great #bestever
positive,that movie is great #brilliant
positive,I adore that movie #favorite
positive,this book is the best #thumbs-up
positive,classical music is brilliant #toptastic
positive,We love that film #loveit
negative,this team is really bad #worstever
negative,I dislike pop music #rubbish
negative,I hate this game #hateit
positive,I like cheese #brilliant
positive,I like this book #toptastic
negative,I loathe pop music #nightmare
positive,this book is fantastic #brilliant
negative,I dislike that band #fail
positive,I adore that band #favorite
negative,I dislike this game #rubbish
negative,I hate coffee #rubbish
positive,We adore this team #bestever
positive,I adore jam #bestever
positive,rock music is fantastic #brilliant
positive,that movie is fantastic #loveit
positive,this team is great #thumbs-up
negative,this book is terrible #thumbs-down
negative,this game is rubbish #rubbish
positive,We adore this team #loveit
positive,classical music is fantastic #bestever
positive,I adore rock music #bestever
positive,the holidays is great #brilliant
negative,that movie is rubbish #nightmare
negative,cheese is rubbish #fail
negative,I hate summer #nightmare
negative,that film is rubbish #hateit
negative,this game is rubbish #worstever
positive,jam is fantastic #loveit
positive,I love tea #brilliant
negative,I loathe coffee #fail
positive,classical music is brilliant #loveit
negative,I loathe jam #worstever
positive,winter is the best #brilliant
positive,tea is the best #toptastic
positive,I love winter #toptastic
negative,this team is rubbish #hateit
positive,jam is great #loveit
positive,this book is brilliant #bestever
negative,I dislike this book #nightmare
positive,this team is the best #favorite
positive,I adore that band #brilliant
positive,that film is fantastic #thumbs-up
positive,this team is brilliant #bestever
positive,I like skiing #thumbs-up
negative,We loathe that film #nightmare
negative,this team is awful #nightmare
positive,this book is the best #bestever
positive,I like pop music #bestever
positive,that movie is great #thumbs-up
positive,winter is great #thumbs-up
positive,that movie is fantastic #thumbs-up
positive,coffee is fantastic #loveit
negative,I dislike skiing #hateit
negative,I dislike that movie #thumbs-down
positive,tea is the best #thumbs-up
positive,the holidays is the best #toptastic
positive,I like rock music #favorite
negative,summer is rubbish #nightmare
negative,I hate that band #nightmare
negative,winter is really bad #fail
negative,We loathe this game #nightmare
negative,I dislike this band #worstever
positive,I like rock music #loveit
negative,I dislike this team #worstever
negative,this team is awful #thumbs-down
negative,I hate coffee #worstever
negative,I dislike this band #rubbish
negative,I dislike that band #thumbs-down
positive,this team is great #toptastic
positive,I love winter #favorite
negative,this game is really bad #thumbs-down
positive,I like classical music #toptastic
negative,this book is terrible #nightmare
negative,this book is rubbish #hateit
positive,I adore cheese #loveit
positive,I love jam #thumbs-up
negative,I loathe rock music #hateit
negative,I dislike the holidays #worstever
negative,pop music is rubbish #worstever
positive,I like coffee #brilliant
negative,I dislike cheese #nightmare
positive,this game is great #bestever
positive,I love tea #toptastic
negative,I dislike cheese #thumbs-down
positive,We love that movie #favorite
negative,this team is really bad #thumbs-down
positive,jam is great #toptastic
positive,We like this book #brilliant
negative,I hate that band #hateit
negative,that band is rubbish #hateit
positive,I adore pop music #brilliant
negative,We dislike this team #thumbs-down
positive,I adore rock music #loveit
positive,cheese is fantastic #brilliant
negative,I loathe cheese #fail
negative,I loathe classical music #nightmare
negative,I loathe jam #thumbs-down
negative,I loathe this team #nightmare
negative,this team is rubbish #thumbs-down
negative,We dislike this game #thumbs-down
positive,skiing is brilliant #favorite
negative,this team is really bad #fail
negative,I hate rock music #nightmare
negative,I loathe that band #hateit
positive,I love pop music #favorite
negative,the holidays is awful #nightmare
positive,I love skiing #brilliant
negative,I loathe this game #hateit
positive,classical music is fantastic #thumbs-up
negative,I dislike winter #hateit
negative,We dislike that movie #nightmare
negative,rock music is terrible #fail
positive,pop music is great #toptastic
positive,I adore tea #loveit
negative,skiing is terrible #fail
positive,I adore this team #toptastic
positive,classical music is the best #favorite
negative,I dislike pop music #worstever
negative,I loathe jam #fail
negative,We loathe this team #hateit
negative,coffee is awful #hateit
positive,cheese is fantastic #toptastic
positive,this team is the best #favorite
negative,I loathe jam #rubbish
negative,this team is awful #hateit
negative,We hate that movie #nightmare
positive,that movie is the best #thumbs-up
negative,this team is really bad #nightmare
positive,winter is fantastic #brilliant
positive,rock music is fantastic #loveit
positive,cheese is fantastic #bestever
negative,I hate that band #rubbish
positive,I love summer #favorite
negative,I loathe the holidays #rubbish
positive,jam is brilliant #toptastic
negative,that movie is awful #nightmare
positive,that film is fantastic #bestever
positive,this game is the best #bestever
negative,pop music is terrible #thumbs-down
negative,jam is really bad #thumbs-down
positive,I love the holidays #favorite
negative,this game is awful #worstever
positive,We like this game #loveit
positive,that film is the best #bestever
positive,summer is the best #bestever
positive,skiing is the best #brilliant
positive,that film is great #favorite
negative,cheese is terrible #hateit
positive,this team is brilliant #toptastic
negative,the holidays is rubbish #hateit
positive,that film is the best #bestever
positive,I adore the holidays #loveit
positive,I love rock music #brilliant
positive,that film is the best #toptastic
negative,We dislike that movie #worstever
positive,rock music is great #bestever
negative,jam is awful #worstever
positive,We like this game #brilliant
positive,I like pop music #favorite
negative,this game is rubbish #worstever
positive,this book is great #bestever
positive,I like coffee #loveit
negative,this team is really bad #fail
negative,that movie is terrible #hateit
positive,I like this band #toptastic
negative,coffee is terrible #rubbish
negative,We dislike that movie #rubbish
negative,summer is awful #worstever
positive,We like this book #bestever
positive,the holidays is fantastic #brilliant
negative,coffee is awful #fail
negative,I dislike this book #thumbs-down
negative,that film is terrible #worstever
positive,rock music is the best #favorite
negative,We hate this book #fail
negative,I hate rock music #thumbs-down
positive,I adore that movie #brilliant
negative,I loathe tea #hateit
positive,I adore this book #favorite
positive,tea is great #loveit
positive,I love cheese #brilliant
positive,this game is great #toptastic
positive,I adore that band #toptastic
negative,I dislike summer #nightmare
negative,I hate that band #worstever
positive,this band is the best #loveit
positive,We adore this team #thumbs-up
negative,this team is awful #thumbs-down
positive,this team is brilliant #favorite
negative,I loathe skiing #worstever
positive,classical music is the best #toptastic
negative,this game is awful #hateit
negative,this game is terrible #fail
positive,We love this team #brilliant
negative,We dislike this game #rubbish
positive,that movie is fantastic #thumbs-up
negative,this book is terrible #nightmare
negative,I loathe tea #thumbs-down
positive,I love winter #bestever
positive,this book is great #toptastic
negative,We hate this game #nightmare
negative,that film is terrible #fail
negative,I hate that film #hateit
positive,summer is the best #thumbs-up
positive,skiing is fantastic #toptastic
negative,this book is rubbish #thumbs-down
negative,I loathe this book #rubbish
negative,I hate skiing #nightmare
negative,this team is awful #rubbish
positive,this book is fantastic #brilliant
positive,I adore classical music #thumbs-up
positive,the holidays is great #thumbs-up
negative,that film is rubbish #fail
negative,that movie is awful #rubbish
positive,We like this team #favorite
negative,that band is rubbish #thumbs-down
negative,I dislike summer #worstever
negative,I loathe that movie #hateit
negative,We hate this game #rubbish
positive,classical music is fantastic #brilliant
negative,the holidays is awful #worstever
negative,this team is terrible #worstever
positive,this book is brilliant #toptastic
positive,I adore the holidays #brilliant
negative,this team is awful #nightmare
positive,this band is brilliant #favorite
negative,skiing is rubbish #nightmare
negative,this book is awful #hateit
positive,rock music is fantastic #bestever
negative,that movie is rubbish #fail
negative,this band is rubbish #fail
positive,I love pop music #bestever
negative,this book is rubbish #worstever
positive,We love this book #thumbs-up
negative,We hate this game #worstever
positive,this team is brilliant #thumbs-up
negative,I hate that movie #rubbish
positive,rock music is brilliant #loveit
positive,I like that film #bestever
positive,this team is fantastic #bestever
positive,classical music is the best #brilliant
negative,this band is terrible #thumbs-down
positive,summer is great #loveit
positive,that movie is fantastic #toptastic
positive,jam is fantastic #brilliant
positive,I love pop music #toptastic
negative,I hate that movie #worstever
positive,this book is great #thumbs-up
positive,I adore classical music #toptastic
positive,this book is brilliant #bestever
negative,I dislike this book #fail
positive,I love the holidays #thumbs-up
positive,that movie is the best #brilliant
negative,I dislike coffee #rubbish
negative,I dislike that movie #fail
negative,We loathe this team #worstever
negative,jam is rubbish #worstever
positive,this team is brilliant #loveit
negative,the holidays is awful #fail
negative,winter is rubbish #rubbish
negative,I loathe winter #rubbish
negative,this book is rubbish #fail
negative,We dislike this team #worstever
negative,this book is really bad #nightmare
positive,tea is brilliant #toptastic
negative,classical music is terrible #worstever
positive,I like coffee #thumbs-up
positive,I love jam #toptastic
negative,I loathe cheese #worstever
positive,the holidays is fantastic #loveit
negative,pop music is really bad #worstever
positive,jam is great #brilliant
negative,tea is terrible #hateit
positive,I like cheese #favorite
positive,summer is brilliant #loveit
positive,this game is brilliant #loveit
positive,that movie is great #loveit
negative,coffee is terrible #nightmare
negative,cheese is awful #worstever
positive,We adore this book #thumbs-up
negative,that band is really bad #fail
negative,that movie is awful #thumbs-down
negative,this game is awful #hateit
negative,I dislike the holidays #hateit
positive,I love that film #loveit
negative,I dislike cheese #fail
negative,I hate coffee #fail
positive,I adore that film #toptastic
negative,that band is terrible #worstever
positive,that film is great #toptastic
positive,winter is great #favorite
positive,winter is brilliant #bestever
positive,that film is the best #loveit
positive,We like this game #bestever
negative,this band is awful #thumbs-down
negative,the holidays is terrible #nightmare
negative,summer is really bad #thumbs-down
negative,We loathe that film #worstever
positive,I like that film #thumbs-up
negative,I dislike jam #hateit
positive,I adore this band #toptastic
positive,I like this game #favorite
negative,I dislike classical music #thumbs-down
positive,I like this game #bestever
negative,I hate tea #worstever
positive,that band is great #toptastic
negative,this book is awful #fail
positive,We adore this team #favorite
positive,tea is the best #brilliant
negative,this team is terrible #fail
positive,winter is brilliant #favorite
positive,I adore classical music #bestever
positive,I like tea #thumbs-up
positive,summer is great #favorite
positive,rock music is great #toptastic
positive,coffee is great #toptastic
negative,We dislike that movie #thumbs-down
negative,We dislike that film #thumbs-down
positive,jam is the best #favorite
positive,We adore this book #loveit
negative,I hate pop music #worstever
positive,I adore this game #bestever
negative,classical music is rubbish #fail
positive,I like pop music #brilliant
positive,I adore the holidays #thumbs-up
positive,I love coffee #loveit
negative,I hate skiing #fail
positive,jam is fantastic #favorite
negative,I dislike this book #hateit
negative,that movie is really bad #worstever
negative,I loathe the holidays #worstever
negative,this book is really bad #thumbs-down
positive,winter is the best #thumbs-up
negative,that movie is awful #worstever
positive,coffee is the best #toptastic
negative,cheese is rubbish #rubbish
positive,I adore classical music #brilliant
positive,this team is brilliant #thumbs-up
negative,I dislike tea #fail
negative,I hate coffee #hateit
negative,this game is terrible #hateit
positive,I love the holidays #bestever
positive,I love that band #loveit
positive,the holidays is great #bestever
negative,coffee is awful #nightmare
negative,that film is awful #hateit
negative,that film is really bad #fail
negative,that band is awful #nightmare
negative,this book is rubbish #hateit
negative,I hate that film #thumbs-down
positive,pop music is the best #loveit
negative,the holidays is rubbish #fail
negative,I loathe winter #hateit
negative,I hate winter #fail
positive,I love this book #thumbs-up
positive,I like jam #brilliant
positive,I love that movie #toptastic
negative,I dislike skiing #worstever
positive,skiing is great #loveit
negative,cheese is terrible #rubbish
positive,that movie is brilliant #toptastic
negative,this team is terrible #hateit
negative,rock music is really bad #thumbs-down
positive,cheese is the best #brilliant
negative,We hate that film #nightmare
negative,winter is terrible #worstever
negative,I dislike that band #hateit
negative,this game is terrible #nightmare
negative,that movie is awful #fail
negative,this team is awful #hateit
negative,I loathe this band #thumbs-down
negative,We loathe this book #thumbs-down
negative,I dislike skiing #fail
negative,this team is terrible #hateit
negative,We dislike this team #nightmare
positive,I love tea #loveit
negative,We dislike this team #rubbish
positive,I love tea #thumbs-up
positive,I like summer #brilliant
positive,I like this game #thumbs-up
positive,this game is fantastic #favorite
negative,that film is really bad #worstever
positive,this book is brilliant #loveit
positive,I like cheese #loveit
negative,I loathe this book #nightmare
negative,this team is really bad #rubbish
negative,this book is terrible #hateit
positive,I like summer #bestever
positive,this team is fantastic #favorite
positive,I adore tea #favorite
negative,winter is rubbish #thumbs-down
positive,tea is the best #loveit
negative,coffee is really bad #hateit
negative,tea is terrible #nightmare
negative,that movie is terrible #thumbs-down
negative,this book is awful #nightmare
negative,tea is really bad #hateit
positive,this book is great #bestever
negative,that movie is really bad #thumbs-down
negative,I dislike tea #worstever
positive,this game is the best #thumbs-up
positive,that band is fantastic #favorite
positive,tea is fantastic #brilliant
negative,I dislike summer #rubbish
negative,skiing is rubbish #rubbish
positive,rock music is the best #thumbs-up
negative,the holidays is really bad #worstever
negative,I dislike that movie #nightmare
negative,this book is terrible #fail
negative,coffee is really bad #thumbs-down
negative,skiing is awful #worstever
negative,rock music is awful #thumbs-down
positive,that film is brilliant #brilliant
positive,jam is brilliant #thumbs-up
positive,I adore skiing #brilliant
positive,I adore this book #brilliant
positive,I like summer #loveit
positive,We love that movie #toptastic
positive,this game is fantastic #favorite
negative,I dislike the holidays #fail
negative,I hate this team #fail
positive,winter is brilliant #loveit
positive,that movie is great #bestever
negative,I loathe winter #worstever
positive,I like skiing #toptastic
negative,I hate this team #thumbs-down
positive,the holidays is the best #brilliant
negative,that film is really bad #hateit
negative,this game is awful #rubbish
negative,this book is rubbish #rubbish
positive,this team is brilliant #loveit
negative,this game is rubbish #nightmare
positive,this band is brilliant #bestever
positive,I love cheese #favorite
positive,I like jam #loveit
negative,winter is rubbish #nightmare
negative,I loathe cheese #thumbs-down
positive,this game is great #brilliant
negative,pop music is rubbish #fail
negative,I dislike this game #nightmare
negative,this band is terrible #nightmare
positive,that film is brilliant #toptastic
positive,I adore that film #bestever
negative,skiing is awful #thumbs-down
negative,the holidays is rubbish #rubbish
positive,pop music is fantastic #toptastic
negative,I loathe this book #worstever
negative,I loathe the holidays #thumbs-down
positive,jam is the best #loveit
negative,tea is awful #worstever
positive,this game is great #thumbs-up
positive,that film is brilliant #favorite
negative,winter is awful #worstever
positive,I like cheese #toptastic
positive,jam is the best #thumbs-up
negative,that band is really bad #hateit
positive,We like that film #brilliant
negative,this book is really bad #worstever
positive,that movie is the best #bestever
positive,I like skiing #brilliant
positive,I like this book #brilliant
positive,We love this game #loveit
positive,this game is the best #brilliant
negative,this band is awful #worstever
positive,I love rock music #bestever
negative,I dislike skiing #nightmare
positive,this team is the best #bestever
positive,that film is great #brilliant
negative,I loathe cheese #rubbish
positive,We like that film #loveit
negative,cheese is rubbish #worstever
negative,rock music is really bad #nightmare
positive,I adore skiing #loveit
negative,this team is terrible #rubbish
positive,this team is great #loveit
negative,I hate summer #rubbish
positive,jam is brilliant #bestever
positive,I adore this team #loveit
positive,I love winter #brilliant
negative,cheese is really bad #worstever
negative,that band is really bad #worstever
negative,pop music is rubbish #nightmare
negative,this team is terrible #fail
positive,We love that film #bestever
negative,I loathe the holidays #nightmare
positive,that film is the best #thumbs-up
negative,I hate pop music #thumbs-down
negative,that film is terrible #thumbs-down
negative,I hate rock music #rubbish
positive,this team is the best #loveit
positive,that movie is brilliant #favorite
negative,that band is terrible #thumbs-down
positive,that film is fantastic #bestever
positive,I love this band #favorite
positive,cheese is the best #favorite
negative,We dislike this book #nightmare
negative,tea is rubbish #hateit
positive,I like this game #loveit
negative,I hate this book #nightmare
negative,We loathe that movie #rubbish
positive,that band is brilliant #thumbs-up
negative,I hate winter #worstever
negative,classical music is really bad #fail
negative,I loathe coffee #nightmare
negative,I hate tea #hateit
negative,this book is terrible #rubbish
negative,this game is terrible #hateit
negative,classical music is rubbish #nightmare
positive,pop music is great #loveit
negative,classical music is really bad #worstever
negative,that movie is really bad #nightmare
negative,that film is awful #rubbish
negative,this team is terrible #thumbs-down
positive,We adore this game #bestever
negative,rock music is awful #rubbish
positive,that band is great #bestever
negative,that movie is really bad #fail
negative,this game is really bad #rubbish
negative,that film is really bad #rubbish
negative,I loathe skiing #nightmare
positive,that movie is brilliant #brilliant
positive,this team is great #brilliant
negative,I loathe that film #worstever
negative,cheese is awful #thumbs-down
negative,this book is terrible #rubbish
negative,classical music is awful #hateit
positive,I like this team #favorite
positive,I like jam #bestever
positive,that film is great #toptastic
positive,I love coffee #toptastic
negative,I loathe this band #fail
positive,that film is great #brilliant
positive,this game is fantastic #brilliant
negative,I loathe that band #fail
negative,the holidays is rubbish #thumbs-down
negative,this book is awful #fail
negative,tea is rubbish #worstever
negative,this team is really bad #nightmare
negative,We loathe that movie #fail
positive,I like winter #brilliant
negative,that movie is rubbish #worstever
negative,I loathe cheese #hateit
positive,I love this band #loveit
positive,classical music is fantastic #loveit
positive,I like that film #toptastic
positive,We adore that movie #toptastic
negative,We dislike this team #fail
positive,I adore this team #favorite
negative,that film is really bad #thumbs-down
positive,We like that movie #brilliant
negative,that movie is rubbish #rubbish
negative,this team is rubbish #rubbish
positive,I love the holidays #loveit
positive,I adore skiing #favorite
positive,I like coffee #toptastic
positive,I love classical music #thumbs-up
positive,that movie is the best #favorite
positive,that movie is great #favorite
negative,rock music is rubbish #hateit
positive,coffee is brilliant #thumbs-up
negative,tea is terrible #fail
positive,pop music is brilliant #toptastic
positive,that film is the best #favorite
positive,I like this team #thumbs-up
negative,I hate rock music #worstever
negative,classical music is terrible #rubbish
positive,We love this book #bestever
negative,winter is awful #fail
positive,that band is fantastic #toptastic
negative,I dislike classical music #fail
negative,the holidays is terrible #fail
positive,that band is the best #toptastic
positive,this team is the best #brilliant
positive,the holidays is fantastic #thumbs-up
positive,I love that film #bestever
negative,I hate classical music #thumbs-down
positive,We love that movie #loveit
positive,this band is brilliant #toptastic
positive,I love pop music #thumbs-up
positive,coffee is brilliant #loveit
positive,I love pop music #loveit
negative,that movie is terrible #rubbish
negative,rock music is really bad #rubbish
negative,winter is really bad #hateit
positive,I like that movie #bestever
negative,I hate that film #fail
positive,this team is the best #toptastic
negative,that movie is terrible #thumbs-down
negative,I loathe this band #nightmare
positive,I like rock music #brilliant
positive,skiing is brilliant #toptastic
positive,I adore winter #bestever
negative,that movie is awful #fail
negative,We loathe this book #fail
positive,We love that movie #bestever
positive,I like jam #favorite
negative,rock music is terrible #nightmare
negative,this book is awful #rubbish
positive,I love rock music #favorite
negative,this book is really bad #rubbish
negative,I hate the holidays #fail
positive,I love jam #favorite
negative,that band is awful #rubbish
positive,We like that movie #bestever
negative,I hate that movie #hateit
negative,pop music is rubbish #hateit
negative,I dislike classical music #nightmare
negative,that movie is awful #worstever
positive,winter is great #toptastic
positive,rock music is brilliant #thumbs-up
negative,I hate this game #nightmare
negative,We hate this team #nightmare
positive,cheese is brilliant #loveit
positive,coffee is fantastic #thumbs-up
positive,this book is the best #favorite
positive,rock music is great #brilliant
positive,I like the holidays #brilliant
negative,I dislike jam #nightmare
positive,I love cheese #loveit
positive,I adore that band #loveit
negative,the holidays is really bad #fail
negative,this book is really bad #hateit
positive,that film is great #loveit
positive,I like cheese #thumbs-up
positive,I adore cheese #bestever
positive,I adore pop music #toptastic
positive,skiing is brilliant #loveit
positive,I love the holidays #brilliant
positive,tea is the best #bestever
positive,We adore that film #thumbs-up
positive,We adore this book #toptastic
negative,this game is awful #fail
positive,summer is brilliant #favorite
positive,cheese is great #favorite
positive,this band is the best #brilliant
negative,I loathe summer #thumbs-down
negative,this game is really bad #hateit
positive,this game is great #favorite
negative,I loathe that film #fail
positive,that film is brilliant #bestever
positive,that movie is the best #toptastic
positive,rock music is fantastic #toptastic
negative,skiing is rubbish #worstever
negative,I loathe that movie #fail
positive,winter is the best #loveit
negative,the holidays is terrible #rubbish
positive,this team is fantastic #loveit
negative,that film is rubbish #hateit
negative,that film is awful #worstever
negative,rock music is rubbish #worstever
negative,I dislike this team #nightmare
negative,cheese is really bad #hateit
positive,We like that movie #thumbs-up
positive,that band is brilliant #favorite
positive,coffee is fantastic #brilliant
positive,that band is the best #loveit
positive,I love coffee #thumbs-up
positive,winter is brilliant #brilliant
positive,I like that movie #toptastic
negative,We loathe this game #thumbs-down
negative,this game is terrible #thumbs-down
negative,I dislike summer #thumbs-down
negative,classical music is rubbish #rubbish
negative,I dislike coffee #thumbs-down
negative,I hate this team #nightmare
negative,I dislike tea #nightmare
negative,jam is terrible #nightmare
positive,pop music is brilliant #bestever
positive,that movie is fantastic #brilliant
positive,I love this book #loveit
positive,I adore cheese #toptastic
negative,that film is terrible #thumbs-down
negative,I dislike tea #hateit
negative,I loathe this team #rubbish
negative,I hate summer #worstever
negative,the holidays is terrible #thumbs-down
positive,classical music is great #favorite
negative,We dislike this book #hateit
negative,this book is awful #rubbish
negative,that movie is awful #hateit
negative,summer is rubbish #worstever
negative,I hate this book #worstever
positive,I love classical music #favorite
negative,I hate jam #rubbish
negative,jam is rubbish #rubbish
negative,that film is rubbish #worstever
positive,the holidays is great #toptastic
negative,this game is awful #worstever
negative,pop music is awful #fail
negative,that film is rubbish #fail
negative,We hate this book #thumbs-down
positive,I like skiing #favorite
positive,I adore the holidays #toptastic
negative,this book is rubbish #rubbish
negative,I dislike coffee #fail
negative,skiing is really bad #hateit
positive,this book is fantastic #bestever
negative,this book is rubbish #fail
negative,that movie is terrible #rubbish
positive,cheese is fantastic #thumbs-up
negative,We hate this game #fail
negative,I hate jam #worstever
negative,winter is rubbish #fail
positive,skiing is brilliant #thumbs-up
negative,summer is rubbish #fail
positive,that band is great #thumbs-up
positive,summer is great #brilliant
negative,I hate pop music #rubbish
positive,that band is brilliant #brilliant
negative,We loathe that film #hateit
negative,rock music is really bad #worstever
negative,I hate that movie #fail
negative,I loathe this band #hateit
positive,this band is great #bestever
positive,that movie is great #toptastic
negative,skiing is terrible #nightmare
negative,summer is really bad #rubbish
positive,this book is fantastic #favorite
positive,I love classical music #brilliant
positive,that film is brilliant #brilliant
positive,coffee is fantastic #bestever
positive,I like summer #toptastic
negative,summer is terrible #worstever
positive,cheese is the best #bestever
negative,I hate coffee #nightmare
positive,tea is brilliant #loveit
negative,coffee is rubbish #fail
positive,winter is the best #toptastic
negative,that film is terrible #hateit
negative,I loathe that movie #worstever
positive,I like classical music #bestever
positive,I love summer #bestever
positive,I adore rock music #thumbs-up
negative,tea is terrible #rubbish
negative,I hate pop music #hateit
negative,We loathe this team #thumbs-down
positive,I adore this game #thumbs-up
positive,summer is fantastic #brilliant
positive,this game is fantastic #toptastic
negative,that film is really bad #rubbish
positive,We adore this game #toptastic
positive,We like that movie #toptastic
positive,skiing is fantastic #brilliant
positive,coffee is brilliant #brilliant
positive,I love this team #bestever
negative,We hate that movie #rubbish
negative,coffee is really bad #nightmare
positive,coffee is brilliant #bestever
positive,I love that movie #favorite
negative,that movie is terrible #hateit
positive,I like that movie #loveit
negative,We loathe this team #nightmare
positive,I like this game #toptastic
negative,I dislike classical music #worstever
negative,summer is terrible #thumbs-down
negative,jam is terrible #thumbs-down
positive,the holidays is brilliant #toptastic
negative,that film is really bad #thumbs-down
positive,this game is the best #brilliant
negative,that movie is rubbish #hateit
positive,I love cheese #bestever
positive,summer is fantastic #toptastic
negative,I hate winter #thumbs-down
negative,We dislike this book #worstever
positive,tea is fantastic #bestever
positive,this book is brilliant #brilliant
negative,the holidays is awful #rubbish
positive,this team is fantastic #toptastic
positive,that film is fantastic #loveit
negative,I hate this band #fail
negative,cheese is really bad #thumbs-down
positive,this book is the best #bestever
positive,this book is the best #favorite
positive,jam is brilliant #favorite
positive,that film is fantastic #favorite
positive,tea is the best #favorite
positive,this book is great #brilliant
negative,coffee is terrible #thumbs-down
negative,rock music is terrible #rubbish
negative,We hate that film #rubbish
negative,skiing is rubbish #fail
positive,this band is great #favorite
positive,I adore coffee #favorite
negative,cheese is terrible #thumbs-down
negative,classical music is terrible #nightmare
negative,coffee is awful #worstever
positive,cheese is the best #thumbs-up
positive,rock music is the best #toptastic
negative,this game is really bad #rubbish
negative,pop music is really bad #fail
positive,this book is brilliant #loveit
positive,We love this game #bestever
positive,jam is fantastic #toptastic
negative,summer is awful #thumbs-down
negative,We loathe that film #thumbs-down
positive,I adore this book #thumbs-up
positive,coffee is great #favorite
negative,classical music is awful #rubbish
negative,this team is awful #worstever
positive,I like pop music #thumbs-up
negative,I loathe skiing #fail
positive,pop music is brilliant #thumbs-up
positive,pop music is fantastic #loveit
negative,We dislike this book #rubbish
negative,tea is really bad #nightmare
positive,this team is great #toptastic
negative,winter is really bad #rubbish
negative,winter is rubbish #worstever
negative,I loathe that band #rubbish
negative,classical music is terrible #fail
positive,that band is the best #brilliant
negative,this team is rubbish #worstever
positive,I like this team #toptastic
positive,that movie is fantastic #bestever
negative,this book is really bad #nightmare
positive,We love this game #brilliant
positive,pop music is the best #favorite
negative,skiing is awful #nightmare
positive,We adore that film #loveit
positive,I love this game #brilliant
positive,We love that film #favorite
positive,this game is the best #toptastic
positive,winter is fantastic #favorite
negative,this team is awful #fail
positive,I like classical music #favorite
positive,cheese is fantastic #favorite
negative,I loathe that movie #thumbs-down
positive,winter is great #brilliant
negative,We dislike that movie #fail
positive,I love this game #loveit
positive,I like tea #loveit
negative,We hate that film #worstever
positive,I love that band #toptastic
positive,I love classical music #bestever
positive,classical music is great #bestever
negative,I hate jam #nightmare
positive,I love this band #thumbs-up
negative,this band is rubbish #thumbs-down
positive,I adore jam #thumbs-up
positive,I adore this game #toptastic
negative,this team is terrible #nightmare
positive,I love coffee #brilliant
negative,cheese is awful #nightmare
negative,that film is awful #thumbs-down
negative,coffee is awful #rubbish
positive,that band is great #loveit
positive,this game is fantastic #bestever
positive,summer is the best #favorite
positive,rock music is fantastic #thumbs-up
negative,that film is awful #rubbish
positive,this band is the best #bestever
negative,that movie is awful #thumbs-down
positive,I adore winter #loveit
negative,this team is terrible #nightmare
positive,I love that movie #thumbs-up
positive,this game is great #loveit
negative,I dislike rock music #hateit
negative,this team is really bad #worstever
positive,I love that film #thumbs-up
negative,the holidays is rubbish #worstever
negative,I dislike winter #thumbs-down
positive,cheese is brilliant #thumbs-up
negative,I hate pop music #fail
positive,pop music is great #thumbs-up
positive,cheese is brilliant #toptastic
negative,I hate this book #hateit
positive,We love that film #toptastic
positive,I like tea #toptastic
negative,winter is really bad #thumbs-down
negative,I hate that band #fail
negative,jam is awful #rubbish
negative,I loathe winter #fail
positive,that film is the best #toptastic
positive,that band is fantastic #bestever
negative,jam is rubbish #nightmare
negative,tea is awful #hateit
negative,I dislike rock music #thumbs-down
positive,We adore that movie #thumbs-up
negative,I loathe skiing #hateit
positive,that movie is the best #favorite
positive,I like skiing #bestever
negative,that band is rubbish #rubbish
positive,that movie is brilliant #bestever
negative,that band is really bad #nightmare
positive,this book is fantastic #loveit
negative,I loathe this team #thumbs-down
positive,this game is fantastic #toptastic
negative,that film is terrible #fail
positive,I like pop music #loveit
positive,this book is the best #loveit
negative,I loathe this band #rubbish
negative,coffee is really bad #rubbish
negative,the holidays is rubbish #nightmare
negative,I hate classical music #worstever
positive,We love this team #thumbs-up
positive,I like classical music #brilliant
negative,that movie is rubbish #thumbs-down
positive,this team is fantastic #favorite
positive,classical music is fantastic #toptastic
positive,I love tea #favorite
negative,tea is terrible #worstever
negative,I loathe this game #thumbs-down
positive,this band is brilliant #thumbs-up
positive,tea is fantastic #thumbs-up
negative,I dislike this team #rubbish
negative,that movie is rubbish #fail
negative,skiing is rubbish #hateit
positive,this game is great #favorite
negative,I loathe classical music #fail
negative,tea is really bad #rubbish
negative,that movie is terrible #worstever
positive,I love summer #brilliant
negative,summer is really bad #hateit
positive,summer is brilliant #toptastic
positive,this game is fantastic #thumbs-up
negative,coffee is really bad #worstever
positive,cheese is brilliant #favorite
negative,I dislike rock music #nightmare
negative,this book is rubbish #worstever
positive,I adore summer #brilliant
positive,We like this book #favorite
negative,I loathe pop music #thumbs-down
negative,jam is awful #fail
positive,this band is fantastic #favorite
negative,I dislike summer #fail
negative,jam is really bad #worstever
positive,this game is brilliant #bestever
positive,that movie is brilliant #loveit
positive,classical music is brilliant #thumbs-up
negative,coffee is awful #thumbs-down
negative,classical music is really bad #hateit
positive,that band is brilliant #bestever
negative,We loathe that movie #worstever
negative,I loathe summer #fail
negative,We hate that film #fail
negative,We loathe this book #hateit
positive,this team is brilliant #brilliant
positive,classical music is brilliant #favorite
negative,this game is terrible #thumbs-down
positive,I adore summer #favorite
negative,rock music is awful #worstever
negative,We hate this book #nightmare
negative,this band is really bad #nightmare
positive,that movie is brilliant #thumbs-up
negative,this team is really bad #hateit
negative,I dislike coffee #worstever
negative,I loathe jam #nightmare
positive,I love that movie #bestever
positive,this game is brilliant #thumbs-up
positive,We adore that movie #loveit
negative,I hate this band #nightmare
negative,this book is terrible #fail
negative,I loathe this team #worstever
negative,summer is terrible #hateit
positive,I love summer #thumbs-up
positive,I adore coffee #brilliant
negative,I loathe tea #rubbish
negative,cheese is rubbish #thumbs-down
negative,We dislike that film #hateit
positive,this game is the best #thumbs-up
positive,this team is great #brilliant
negative,jam is really bad #hateit
negative,I dislike this band #nightmare
negative,pop music is really bad #rubbish
positive,this game is the best #loveit
negative,this book is awful #thumbs-down
negative,that film is terrible #nightmare
positive,the holidays is brilliant #loveit
negative,I hate cheese #thumbs-down
negative,pop music is terrible #fail
negative,I loathe pop music #fail
negative,this book is rubbish #nightmare
negative,I dislike rock music #worstever
negative,this band is terrible #fail
negative,I hate jam #thumbs-down
negative,tea is terrible #thumbs-down
positive,that movie is brilliant #thumbs-up
positive,winter is the best #favorite
positive,I like that band #loveit
positive,I love summer #loveit
positive,summer is great #bestever
positive,that film is brilliant #thumbs-up
positive,rock music is brilliant #bestever
positive,We adore this game #thumbs-up
negative,I hate rock music #hateit
negative,cheese is really bad #nightmare
negative,I dislike that movie #rubbish
negative,this band is awful #fail
positive,this game is great #toptastic
negative,skiing is really bad #fail
positive,I like the holidays #favorite
negative,I dislike pop music #hateit
positive,tea is fantastic #loveit
positive,cheese is great #toptastic
positive,cheese is the best #toptastic
positive,I adore winter #brilliant
positive,I adore summer #loveit
negative,that film is terrible #worstever
negative,I dislike coffee #nightmare
negative,pop music is really bad #nightmare
negative,this band is awful #nightmare
negative,We loathe this game #fail
negative,summer is really bad #nightmare
negative,this band is terrible #rubbish
positive,I like skiing #loveit
positive,jam is the best #toptastic
negative,the holidays is terrible #hateit
negative,I hate cheese #hateit
positive,this game is great #loveit
positive,skiing is the best #bestever
positive,this game is brilliant #favorite
negative,this team is really bad #thumbs-down
negative,that movie is really bad #thumbs-down
negative,that film is awful #fail
positive,rock music is brilliant #favorite
negative,the holidays is really bad #hateit
positive,this book is the best #toptastic
positive,I like winter #toptastic
negative,jam is rubbish #fail
positive,that movie is brilliant #favorite
negative,that movie is terrible #nightmare
positive,that movie is the best #loveit
positive,that film is great #loveit
negative,We dislike this game #fail
negative,this game is rubbish #rubbish
positive,that band is fantastic #brilliant
negative,I hate skiing #worstever
negative,I loathe summer #hateit
positive,I adore summer #toptastic
negative,this game is rubbish #thumbs-down
positive,We love that film #thumbs-up
negative,coffee is rubbish #thumbs-down
negative,jam is rubbish #hateit
negative,I loathe that band #nightmare
positive,We love this team #loveit
positive,this game is fantastic #thumbs-up
negative,I hate this game #worstever
positive,I adore skiing #bestever
positive,I love classical music #toptastic
positive,this book is great #thumbs-up
negative,tea is really bad #thumbs-down
negative,that movie is really bad #hateit
positive,jam is great #bestever
positive,I adore pop music #thumbs-up
negative,I hate tea #fail
positive,We adore this team #toptastic
positive,I adore skiing #thumbs-up
negative,I dislike jam #rubbish
negative,that band is terrible #rubbish
negative,that movie is really bad #hateit
positive,classical music is brilliant #brilliant
negative,I hate the holidays #rubbish
positive,skiing is fantastic #favorite
positive,I love this team #toptastic
positive,this team is fantastic #brilliant
negative,I hate the holidays #hateit
negative,We hate this team #fail
positive,classical music is the best #bestever
negative,winter is awful #nightmare
negative,I dislike that film #hateit
positive,jam is the best #bestever
positive,rock music is great #loveit
negative,I dislike this band #fail
positive,I like winter #favorite
positive,I love summer #toptastic
negative,I loathe pop music #worstever
negative,jam is terrible #worstever
negative,summer is awful #hateit
positive,rock music is the best #loveit
positive,that movie is brilliant #bestever
positive,this book is great #brilliant
negative,that band is awful #hateit
negative,classical music is awful #fail
positive,I like rock music #thumbs-up
negative,I hate pop music #nightmare
positive,that movie is the best #toptastic
negative,I dislike this team #hateit
negative,I dislike summer #hateit
positive,tea is great #favorite
negative,We hate that movie #worstever
negative,this team is rubbish #fail
negative,I loathe skiing #thumbs-down
positive,that movie is fantastic #loveit
negative,We dislike that film #worstever
positive,coffee is great #bestever
negative,I hate skiing #rubbish
positive,coffee is the best #favorite
negative,cheese is terrible #nightmare
positive,this book is fantastic #favorite
positive,rock music is the best #bestever
negative,I hate coffee #thumbs-down
positive,summer is brilliant #thumbs-up
negative,skiing is really bad #worstever
negative,the holidays is awful #hateit
positive,skiing is great #favorite
positive,that movie is the best #thumbs-up
positive,I love that film #brilliant
positive,summer is great #thumbs-up
positive,coffee is fantastic #favorite
negative,We loathe this game #hateit
positive,tea is great #bestever
positive,this team is the best #bestever
negative,that band is awful #worstever
negative,We dislike that film #nightmare
negative,I dislike that movie #worstever
negative,We hate this team #worstever
negative,that band is rubbish #fail
positive,We love this book #loveit
positive,this game is brilliant #brilliant
positive,I love that band #brilliant
positive,this game is brilliant #favorite
positive,I love pop music #brilliant
negative,I loathe that film #thumbs-down
negative,I hate winter #rubbish
positive,that film is great #thumbs-up
positive,this band is brilliant #brilliant
negative,this band is really bad #thumbs-down
negative,I dislike that band #nightmare
negative,pop music is awful #rubbish
negative,this band is rubbish #hateit
positive,skiing is brilliant #brilliant
positive,We like that movie #loveit
positive,We like that film #favorite
positive,I adore summer #thumbs-up
positive,I adore this band #favorite
positive,I like jam #thumbs-up
positive,I love rock music #thumbs-up
positive,We adore that film #toptastic
positive,I like rock music #bestever
positive,I adore jam #loveit
positive,rock music is brilliant #toptastic
negative,jam is really bad #fail
positive,We love that movie #brilliant
positive,I adore the holidays #bestever
negative,rock music is terrible #hateit
positive,I love this book #favorite
positive,We adore this book #favorite
negative,I hate that film #rubbish
negative,We loathe that movie #nightmare
negative,I dislike the holidays #nightmare
positive,We like this team #loveit
positive,this book is great #loveit
negative,rock music is rubbish #thumbs-down
negative,We dislike this game #worstever
negative,We hate this book #rubbish
positive,I love the holidays #toptastic
negative,this game is awful #rubbish
positive,this game is fantastic #brilliant
positive,that band is the best #thumbs-up
positive,this team is brilliant #favorite
negative,I hate the holidays #worstever
positive,that film is great #bestever
negative,I dislike skiing #thumbs-down
negative,cheese is really bad #rubbish
positive,We like this team #toptastic
positive,I like winter #bestever
negative,this game is awful #thumbs-down
negative,rock music is awful #hateit
positive,that movie is brilliant #loveit
positive,I like that band #favorite
negative,I hate cheese #worstever
positive,I adore this book #toptastic
negative,this team is rubbish #rubbish
negative,pop music is awful #hateit
positive,tea is brilliant #bestever
negative,We hate this book #hateit
positive,We love this book #brilliant
positive,the holidays is brilliant #favorite
negative,I loathe rock music #fail
negative,I loathe this game #worstever
negative,I loathe this book #hateit
positive,I adore that film #loveit
negative,that movie is terrible #fail
positive,classical music is the best #loveit
negative,I dislike this team #thumbs-down
positive,that band is fantastic #loveit
negative,We dislike this game #hateit
negative,I loathe this game #fail
positive,pop music is the best #toptastic
negative,that film is rubbish #worstever
negative,this book is terrible #thumbs-down
negative,this game is really bad #thumbs-down
positive,I adore coffee #bestever
negative,skiing is terrible #thumbs-down
positive,I adore that movie #loveit
negative,I loathe this book #fail
negative,I hate tea #thumbs-down
negative,this book is terrible #worstever
negative,skiing is really bad #nightmare
negative,I dislike winter #worstever
negative,winter is rubbish #hateit
positive,I like this book #bestever
positive,I adore classical music #loveit
positive,I like winter #thumbs-up
positive,We adore that film #bestever
positive,rock music is great #thumbs-up
positive,I like that movie #brilliant
positive,I like the holidays #bestever
positive,I love skiing #toptastic
positive,We adore that film #favorite
negative,pop music is rubbish #rubbish
negative,that band is rubbish #worstever
negative,I loathe coffee #thumbs-down
positive,that movie is fantastic #favorite
negative,pop music is awful #worstever
positive,I adore tea #toptastic
negative,that film is rubbish #rubbish
negative,I loathe rock music #worstever
positive,jam is fantastic #bestever
positive,skiing is the best #favorite
positive,I like this book #favorite
positive,this game is great #thumbs-up
positive,I adore rock music #favorite
positive,I like tea #favorite
positive,pop music is fantastic #brilliant
positive,the holidays is the best #thumbs-up
negative,that film is really bad #worstever
positive,I adore that movie #thumbs-up
positive,this book is fantastic #toptastic
positive,I like winter #loveit
negative,summer is awful #rubbish
negative,We dislike that film #fail
positive,summer is fantastic #bestever
positive,this band is great #thumbs-up
positive,this book is the best #thumbs-up
positive,I adore this band #bestever
negative,I hate this band #rubbish
negative,I dislike winter #fail
negative,skiing is really bad #thumbs-down
positive,I love cheese #toptastic
negative,pop music is really bad #hateit
positive,I like coffee #bestever
negative,this book is rubbish #nightmare
positive,We adore this game #loveit
positive,I love that movie #loveit
negative,I dislike pop music #thumbs-down
negative,this game is terrible #rubbish
negative,this team is awful #fail
negative,I hate winter #nightmare
positive,tea is fantastic #favorite
positive,that movie is the best #bestever
negative,this game is rubbish #nightmare
negative,this band is really bad #worstever
positive,I love that movie #brilliant
positive,I adore pop music #favorite
negative,that film is really bad #fail
negative,this team is rubbish #hateit
positive,I like summer #favorite
negative,I hate this band #hateit
positive,this team is great #bestever
positive,coffee is fantastic #toptastic
positive,this game is great #bestever
positive,skiing is fantastic #bestever
negative,I loathe summer #worstever
negative,cheese is terrible #worstever
positive,the holidays is brilliant #brilliant
positive,I adore rock music #toptastic
positive,this game is brilliant #toptastic
positive,We adore this game #brilliant
positive,We like this team #thumbs-up
positive,I like this team #loveit
negative,the holidays is really bad #thumbs-down
negative,that band is terrible #fail
negative,that film is really bad #nightmare
positive,this game is fantastic #loveit
